query_id,hop,n_facts,n_facts_ind,n_facts_dep,n_traps,n_traps_ind,n_traps_dep,n_traps_schema,n_traps_missingdetail,MAS_facts_recalled,MAS_traps_acked,MAS_tokens,MAS_llm_calls,MAS_turns,UNMAS_facts_recalled,UNMAS_traps_acked,UNMAS_tokens,UNMAS_llm_calls,UNMAS_turns,BB_facts_recalled,BB_traps_acked,BB_tokens,BB_llm_calls,BB_turns,UNBB_facts_recalled,UNBB_traps_acked,UNBB_tokens,UNBB_llm_calls,UNBB_turns,SA_facts_recalled,SA_traps_acked,SA_tokens,SA_llm_calls,SA_turns
N1,single,2,2,0,0,0,0,0,0,1.0,0,31940,25,12,1.0,0,11393,12,7,1.0,0,4513,6,6,1.0,0,10527,9,6,1.0,0,11770,4,4
N2,single,2,2,0,1,1,0,1,0,2.0,1.0,22944,12,6,2.0,1.0,8038,10,5,1.0,1.0,3149,6,5,2.0,1.0,6146,7,5,2.0,0.0,5047,2,2
N3,single,1,1,0,0,0,0,0,0,0.0,0,21281,18,10,0.0,0,24288,13,7,0.0,0,3915,5,5,0.0,0,9298,9,6,0.0,0,6796,2,2
N4,single,1,1,0,0,0,0,0,0,0.0,0,72796,21,7,1.0,0,23161,12,7,0.0,0,4840,6,6,1.0,0,11719,9,6,0.0,0,12569,3,3
N5,single,1,1,0,0,0,0,0,0,0.0,0,17126,13,8,0.0,0,10872,9,5,0.0,0,3969,6,5,0.0,0,6158,7,5,1.0,0,5422,2,2
N6,single,2,2,0,0,0,0,0,0,0.0,0,13104,16,7,0.0,0,28849,13,7,1.0,0,7847,6,6,0.0,0,11001,9,6,1.0,0,7662,2,2
N7,single,3,3,0,0,0,0,0,0,2.0,0,44306,17,10,3.0,0,8423,9,5,3.0,0,4330,5,4,3.0,0,6588,7,5,3.0,0,7831,3,3
N8,single,2,2,0,0,0,0,0,0,2.0,0,21315,16,7,2.0,0,19009,9,6,1.0,0,4583,5,5,0.0,0,9899,9,6,2.0,0,7468,2,2
N9,single,1,1,0,1,1,0,1,0,1.0,1.0,15480,14,7,1.0,1.0,24901,13,7,0.0,0.0,4232,5,5,0.0,1.0,11871,9,6,1.0,0.0,13384,3,3
N10,single,3,3,0,0,0,0,0,0,0.0,0,16919,17,10,1.0,0,11998,11,6,0.0,0,4735,5,5,0.0,0,10346,9,6,2.0,0,7566,2,2
N11,single,2,2,0,0,0,0,0,0,2.0,0,16688,11,6,1.0,0,12756,11,6,1.0,0,4016,5,5,0.0,0,11651,9,6,1.0,0,13616,3,3
N12,single,3,3,0,0,0,0,0,0,3.0,0,20312,18,7,1.0,0,26230,13,7,2.0,0,8364,6,6,2.0,0,15019,10,7,3.0,0,21312,4,4
N13,single,1,1,0,0,0,0,0,0,1.0,0,29128,22,9,1.0,0,24008,12,7,1.0,0,8817,6,6,1.0,0,12156,9,6,1.0,0,16852,5,5
N14,single,2,2,0,0,0,0,0,0,0.0,0,15290,13,8,2.0,0,24980,12,7,0.0,0,8907,6,6,2.0,0,13245,9,6,2.0,0,8793,2,2
N15,single,1,1,0,1,1,0,1,0,1.0,1.0,20286,18,7,1.0,1.0,25462,12,7,0.0,0.0,8700,6,6,1.0,0.0,11640,9,6,0.0,0.0,13881,3,3
N16,single,3,3,0,1,1,0,0,1,2.0,1.0,44700,28,9,2.0,1.0,12249,11,6,2.0,1.0,4704,5,5,0.0,1.0,12050,9,6,2.0,1.0,18216,3,3
N17,single,2,2,0,1,1,0,0,1,1.0,0.0,18363,11,6,1.0,0.0,15937,12,6,0.0,0.0,4889,5,5,0.0,1.0,11405,9,6,1.0,1.0,17422,3,3
N18,single,3,3,0,0,0,0,0,0,3.0,0,18565,11,6,1.0,0,16734,12,6,1.0,0,4749,6,6,1.0,0,13253,9,6,3.0,0,14739,3,3
N19,single,2,2,0,1,1,0,1,0,2.0,1.0,38126,27,14,1.0,0.0,15952,13,7,0.0,0.0,4823,6,6,2.0,1.0,12116,9,6,2.0,1.0,10636,2,2
N20,single,3,3,0,0,0,0,0,0,2.0,0,18336,18,10,1.0,0,17152,12,6,1.0,0,8911,6,6,2.0,0,12184,9,6,3.0,0,12659,3,3
N21,single,1,1,0,1,1,0,0,1,1.0,1.0,17936,18,10,0.0,1.0,16852,12,6,0.0,1.0,4681,5,5,1.0,1.0,12932,9,6,1.0,1.0,10038,2,2
N22,single,2,2,0,0,0,0,0,0,2.0,0,29755,12,6,2.0,0,13940,12,7,1.0,0,4945,6,6,2.0,0,10649,9,6,2.0,0,13743,3,3
N23,single,3,3,0,0,0,0,0,0,3.0,0,18561,11,6,1.0,0,17634,13,7,1.0,0,5033,6,6,1.0,0,12044,9,6,3.0,0,12633,3,3
N24,single,2,2,0,1,1,0,0,1,2.0,1.0,20530,16,8,1.0,1.0,11737,12,7,0.0,1.0,5759,6,6,2.0,1.0,10667,9,6,2.0,1.0,17045,4,4
N25,single,3,3,0,0,0,0,0,0,3.0,0,26829,19,12,3.0,0,24146,12,7,1.0,0,9068,6,6,1.0,0,12522,9,6,3.0,0,9180,2,2
N26,single,3,3,0,0,0,0,0,0,3.0,0,80215,33,12,1.0,0,27703,13,7,1.0,0,5274,5,5,3.0,0,12672,9,6,3.0,0,13307,3,3
N27,single,3,3,0,0,0,0,0,0,2.0,0,17122,14,7,3.0,0,18276,13,7,1.0,0,4600,5,5,1.0,0,12825,9,6,3.0,0,13837,3,3
N28,single,4,4,0,0,0,0,0,0,3.0,0,20828,11,6,4.0,0,15099,12,7,1.0,0,5218,6,6,1.0,0,12578,9,6,4.0,0,14724,4,4
N29,single,3,3,0,0,0,0,0,0,3.0,0,19145,14,7,0.0,0,27527,13,7,2.0,0,9227,6,6,2.0,0,13673,9,6,3.0,0,25053,7,7
N30,single,2,2,0,0,0,0,0,0,2.0,0,21575,11,8,2.0,0,23741,12,7,1.0,0,9429,6,6,2.0,0,11632,9,6,2.0,0,24712,5,5
N31,single,3,3,0,1,1,0,0,1,2.0,1.0,18377,17,12,3.0,0.0,23806,12,7,2.0,1.0,8782,6,6,2.0,0.0,11153,9,6,3.0,0.0,12698,4,4
N32,single,3,3,0,1,1,0,1,0,2.0,1.0,15226,16,7,1.0,1.0,17651,10,6,1.0,0.0,8095,6,5,1.0,1.0,6535,7,5,2.0,0.0,8398,3,3
N33,single,3,3,0,0,0,0,0,0,3.0,0,51525,15,8,3.0,0,23910,12,7,2.0,0,9088,6,6,1.0,0,11915,9,6,3.0,0,16361,5,5
N34,single,4,4,0,0,0,0,0,0,4.0,0,55402,28,12,4.0,0,15602,11,6,2.0,0,5735,5,5,2.0,0,12798,9,6,4.0,0,12282,3,3
N35,single,2,2,0,0,0,0,0,0,2.0,0,30034,15,6,1.0,0,17119,13,7,1.0,0,4861,5,5,2.0,0,11229,8,6,2.0,0,13104,4,4
D1,single,2,2,0,0,0,0,0,0,2.0,0,17879,11,6,1.0,0,12870,11,6,0.0,0,4942,5,5,0.0,0,11784,9,6,1.0,0,13205,3,3
D2,single,3,3,0,0,0,0,0,0,2.0,0,17779,17,10,0.0,0,18158,13,7,1.0,0,5694,6,6,0.0,0,11892,9,6,3.0,0,7938,2,2
D3,single,1,1,0,1,1,0,1,0,0.0,1.0,23876,24,12,0.0,0.0,23574,12,7,0.0,0.0,8465,6,6,0.0,1.0,11783,9,6,1.0,0.0,15670,4,4
D4,single,3,3,0,0,0,0,0,0,1.0,0,26385,11,5,3.0,0,14514,11,6,2.0,0,5276,5,5,2.0,0,12495,9,6,2.0,0,19415,4,4
D5,single,2,2,0,1,1,0,1,0,2.0,1.0,19599,18,7,2.0,1.0,15667,13,7,0.0,0.0,5572,6,6,0.0,0.0,11672,9,6,2.0,0.0,12631,3,3
N41,multi,1,0,1,0,0,0,0,0,1.0,0,16006,18,10,1.0,0,11620,12,7,0.0,0,4641,5,5,0.0,0,10595,9,6,1.0,0,8429,2,2
N42,multi,1,0,1,3,0,3,3,0,0.0,3.0,12520,13,8,0.0,1.0,13620,13,7,0.0,2.0,4057,5,5,0.0,2.0,9494,9,6,1.0,0.0,7305,2,2
N43,multi,2,0,2,0,0,0,0,0,2.0,0,17001,18,10,2.0,0,11236,12,7,2.0,0,4706,6,6,2.0,0,10852,9,6,2.0,0,8089,2,2
N44,multi,2,0,2,1,0,1,1,0,0.0,1.0,13524,9,3,0.0,1.0,19324,11,6,0.0,1.0,7686,6,5,0.0,1.0,8165,8,6,0.0,0.0,32146,6,6
N45,multi,1,0,1,0,0,0,0,0,0.0,0,15983,18,10,0.0,0,15313,13,7,0.0,0,3774,5,5,0.0,0,11417,9,6,0.0,0,8461,2,2
N46,multi,2,0,2,1,0,1,1,0,2.0,1.0,18848,16,8,1.0,0.0,12767,12,7,0.0,1.0,4658,6,6,1.0,0.0,9968,9,6,2.0,0.0,11947,3,3
N47,multi,2,0,2,2,0,2,2,0,2.0,2.0,23762,20,12,0.0,2.0,24814,13,7,0.0,2.0,7974,6,6,0.0,1.0,11093,9,6,2.0,1.0,24493,5,5
N48,multi,3,0,3,0,0,0,0,0,2.0,0,13282,14,8,3.0,0,10126,11,6,3.0,0,5119,6,5,3.0,0,6228,7,5,3.0,0,5274,2,2
N49,multi,2,0,2,0,0,0,0,0,1.0,0,10797,12,7,1.0,0,22401,12,7,1.0,0,3917,5,5,1.0,0,11198,9,6,1.0,0,7697,2,2
N50,multi,1,0,1,1,0,1,1,0,0.0,1.0,12613,16,7,0.0,1.0,20031,11,6,0.0,0.0,7378,6,5,0.0,1.0,5730,7,5,1.0,0.0,13885,3,3
N51,multi,2,0,2,0,0,0,0,0,0.0,0,37246,26,12,0.0,0,14040,13,7,0.0,0,3984,5,5,1.0,0,10267,9,6,0.0,0,11647,3,3
N52,multi,2,0,2,1,0,1,1,0,2.0,1.0,19004,16,8,1.0,0.0,6977,9,5,1.0,0.0,4105,6,5,1.0,0.0,9432,8,5,2.0,0.0,13190,5,5
N53,multi,3,0,3,0,0,0,0,0,2.0,0,19005,15,8,2.0,0,8061,10,6,1.0,0,3545,6,5,1.0,0,6445,7,5,2.0,0,5398,2,2
N54,multi,2,0,2,2,0,2,2,0,2.0,1.0,18665,15,8,2.0,0.0,19637,11,6,0.0,1.0,7973,6,5,0.0,0.0,6334,7,5,2.0,0.0,20228,4,4
N55,multi,1,0,1,2,0,2,2,0,1.0,2.0,16819,18,10,0.0,1.0,16658,13,7,0.0,1.0,5251,5,5,0.0,1.0,12877,9,6,1.0,0.0,24607,4,4
